sheet,best_model,step_ahead,future_step,feature,predicted_value
培养皿1,persistence,1,3440,1,19.337017
培养皿1,persistence,1,3440,2,15.993021
培养皿1,persistence,1,3440,3,12.678104
培养皿1,persistence,1,3440,4,10.29369
培养皿1,persistence,1,3440,5,8.810701
培养皿1,persistence,1,3440,6,7.327712
培养皿1,persistence,1,3440,7,5.437627
培养皿1,persistence,1,3440,8,4.681593
培养皿1,persistence,1,3440,9,4.303577
培养皿1,persistence,1,3440,10,2.820587
培养皿1,persistence,1,3440,11,2.12271
培养皿1,persistence,1,3440,12,1.948241
培养皿1,persistence,1,3440,13,1.250363
培养皿1,persistence,1,3440,14,0.872347
培养皿1,persistence,1,3440,15,0.756034
培养皿1,persistence,1,3440,16,0.610643
培养皿1,persistence,1,3440,17,0.232626
培养皿1,persistence,1,3440,18,0.116313
培养皿1,persistence,1,3440,19,0.116313
培养皿1,persistence,1,3440,20,0.058156
培养皿1,persistence,1,3440,21,0.145391
培养皿1,persistence,1,3440,22,0.058156
培养皿1,persistence,1,3440,24,0.029078
培养皿1,persistence,2,3441,1,19.337017
培养皿1,persistence,2,3441,2,15.993021
培养皿1,persistence,2,3441,3,12.678104
培养皿1,persistence,2,3441,4,10.29369
培养皿1,persistence,2,3441,5,8.810701
培养皿1,persistence,2,3441,6,7.327712
培养皿1,persistence,2,3441,7,5.437627
培养皿1,persistence,2,3441,8,4.681593
培养皿1,persistence,2,3441,9,4.303577
培养皿1,persistence,2,3441,10,2.820587
培养皿1,persistence,2,3441,11,2.12271
培养皿1,persistence,2,3441,12,1.948241
培养皿1,persistence,2,3441,13,1.250363
培养皿1,persistence,2,3441,14,0.872347
培养皿1,persistence,2,3441,15,0.756034
培养皿1,persistence,2,3441,16,0.610643
培养皿1,persistence,2,3441,17,0.232626
培养皿1,persistence,2,3441,18,0.116313
培养皿1,persistence,2,3441,19,0.116313
培养皿1,persistence,2,3441,20,0.058156
培养皿1,persistence,2,3441,21,0.145391
培养皿1,persistence,2,3441,22,0.058156
培养皿1,persistence,2,3441,24,0.029078
培养皿1,persistence,3,3442,1,19.337017
培养皿1,persistence,3,3442,2,15.993021
培养皿1,persistence,3,3442,3,12.678104
培养皿1,persistence,3,3442,4,10.29369
培养皿1,persistence,3,3442,5,8.810701
培养皿1,persistence,3,3442,6,7.327712
培养皿1,persistence,3,3442,7,5.437627
培养皿1,persistence,3,3442,8,4.681593
培养皿1,persistence,3,3442,9,4.303577
培养皿1,persistence,3,3442,10,2.820587
培养皿1,persistence,3,3442,11,2.12271
培养皿1,persistence,3,3442,12,1.948241
培养皿1,persistence,3,3442,13,1.250363
培养皿1,persistence,3,3442,14,0.872347
培养皿1,persistence,3,3442,15,0.756034
培养皿1,persistence,3,3442,16,0.610643
培养皿1,persistence,3,3442,17,0.232626
培养皿1,persistence,3,3442,18,0.116313
培养皿1,persistence,3,3442,19,0.116313
培养皿1,persistence,3,3442,20,0.058156
培养皿1,persistence,3,3442,21,0.145391
培养皿1,persistence,3,3442,22,0.058156
培养皿1,persistence,3,3442,24,0.029078
培养皿1,persistence,4,3443,1,19.337017
培养皿1,persistence,4,3443,2,15.993021
培养皿1,persistence,4,3443,3,12.678104
培养皿1,persistence,4,3443,4,10.29369
培养皿1,persistence,4,3443,5,8.810701
培养皿1,persistence,4,3443,6,7.327712
培养皿1,persistence,4,3443,7,5.437627
培养皿1,persistence,4,3443,8,4.681593
培养皿1,persistence,4,3443,9,4.303577
培养皿1,persistence,4,3443,10,2.820587
培养皿1,persistence,4,3443,11,2.12271
培养皿1,persistence,4,3443,12,1.948241
培养皿1,persistence,4,3443,13,1.250363
培养皿1,persistence,4,3443,14,0.872347
培养皿1,persistence,4,3443,15,0.756034
培养皿1,persistence,4,3443,16,0.610643
培养皿1,persistence,4,3443,17,0.232626
培养皿1,persistence,4,3443,18,0.116313
培养皿1,persistence,4,3443,19,0.116313
培养皿1,persistence,4,3443,20,0.058156
培养皿1,persistence,4,3443,21,0.145391
培养皿1,persistence,4,3443,22,0.058156
培养皿1,persistence,4,3443,24,0.029078
培养皿1,persistence,5,3444,1,19.337017
培养皿1,persistence,5,3444,2,15.993021
培养皿1,persistence,5,3444,3,12.678104
培养皿1,persistence,5,3444,4,10.29369
培养皿1,persistence,5,3444,5,8.810701
培养皿1,persistence,5,3444,6,7.327712
培养皿1,persistence,5,3444,7,5.437627
培养皿1,persistence,5,3444,8,4.681593
培养皿1,persistence,5,3444,9,4.303577
培养皿1,persistence,5,3444,10,2.820587
培养皿1,persistence,5,3444,11,2.12271
培养皿1,persistence,5,3444,12,1.948241
培养皿1,persistence,5,3444,13,1.250363
培养皿1,persistence,5,3444,14,0.872347
培养皿1,persistence,5,3444,15,0.756034
培养皿1,persistence,5,3444,16,0.610643
培养皿1,persistence,5,3444,17,0.232626
培养皿1,persistence,5,3444,18,0.116313
培养皿1,persistence,5,3444,19,0.116313
培养皿1,persistence,5,3444,20,0.058156
培养皿1,persistence,5,3444,21,0.145391
培养皿1,persistence,5,3444,22,0.058156
培养皿1,persistence,5,3444,24,0.029078
培养皿2,persistence,1,3440,1,2.907822
培养皿2,persistence,1,3440,2,5.379471
培养皿2,persistence,1,3440,3,6.251817
培养皿2,persistence,1,3440,4,7.153242
培养皿2,persistence,1,3440,5,8.723466
培养皿2,persistence,1,3440,6,8.868857
培养皿2,persistence,1,3440,7,8.229136
培养皿2,persistence,1,3440,8,7.792963
培养皿2,persistence,1,3440,9,6.920616
培养皿2,persistence,1,3440,10,5.844722
培养皿2,persistence,1,3440,11,5.990113
培养皿2,persistence,1,3440,12,5.205001
培养皿2,persistence,1,3440,13,5.146845
培养皿2,persistence,1,3440,14,3.547543
培养皿2,persistence,1,3440,15,2.995057
培养皿2,persistence,1,3440,16,2.355336
培养皿2,persistence,1,3440,17,2.064554
培养皿2,persistence,1,3440,18,1.395755
培养皿2,persistence,1,3440,19,1.046816
培养皿2,persistence,1,3440,20,0.930503
培养皿2,persistence,1,3440,21,0.668799
培养皿2,persistence,1,3440,22,0.261704
培养皿2,persistence,1,3440,23,0.145391
培养皿2,persistence,1,3440,24,0.058156
培养皿2,persistence,1,3440,25,0.087235
培养皿2,persistence,1,3440,26,0.029078
培养皿2,persistence,2,3441,1,2.907822
培养皿2,persistence,2,3441,2,5.379471
培养皿2,persistence,2,3441,3,6.251817
培养皿2,persistence,2,3441,4,7.153242
培养皿2,persistence,2,3441,5,8.723466
培养皿2,persistence,2,3441,6,8.868857
培养皿2,persistence,2,3441,7,8.229136
培养皿2,persistence,2,3441,8,7.792963
培养皿2,persistence,2,3441,9,6.920616
培养皿2,persistence,2,3441,10,5.844722
培养皿2,persistence,2,3441,11,5.990113
培养皿2,persistence,2,3441,12,5.205001
培养皿2,persistence,2,3441,13,5.146845
培养皿2,persistence,2,3441,14,3.547543
培养皿2,persistence,2,3441,15,2.995057
培养皿2,persistence,2,3441,16,2.355336
培养皿2,persistence,2,3441,17,2.064554
培养皿2,persistence,2,3441,18,1.395755
培养皿2,persistence,2,3441,19,1.046816
培养皿2,persistence,2,3441,20,0.930503
培养皿2,persistence,2,3441,21,0.668799
培养皿2,persistence,2,3441,22,0.261704
培养皿2,persistence,2,3441,23,0.145391
培养皿2,persistence,2,3441,24,0.058156
培养皿2,persistence,2,3441,25,0.087235
培养皿2,persistence,2,3441,26,0.029078
培养皿2,persistence,3,3442,1,2.907822
培养皿2,persistence,3,3442,2,5.379471
培养皿2,persistence,3,3442,3,6.251817
培养皿2,persistence,3,3442,4,7.153242
培养皿2,persistence,3,3442,5,8.723466
培养皿2,persistence,3,3442,6,8.868857
培养皿2,persistence,3,3442,7,8.229136
培养皿2,persistence,3,3442,8,7.792963
培养皿2,persistence,3,3442,9,6.920616
培养皿2,persistence,3,3442,10,5.844722
培养皿2,persistence,3,3442,11,5.990113
培养皿2,persistence,3,3442,12,5.205001
培养皿2,persistence,3,3442,13,5.146845
培养皿2,persistence,3,3442,14,3.547543
培养皿2,persistence,3,3442,15,2.995057
培养皿2,persistence,3,3442,16,2.355336
培养皿2,persistence,3,3442,17,2.064554
培养皿2,persistence,3,3442,18,1.395755
培养皿2,persistence,3,3442,19,1.046816
培养皿2,persistence,3,3442,20,0.930503
培养皿2,persistence,3,3442,21,0.668799
培养皿2,persistence,3,3442,22,0.261704
培养皿2,persistence,3,3442,23,0.145391
培养皿2,persistence,3,3442,24,0.058156
培养皿2,persistence,3,3442,25,0.087235
培养皿2,persistence,3,3442,26,0.029078
培养皿2,persistence,4,3443,1,2.907822
培养皿2,persistence,4,3443,2,5.379471
培养皿2,persistence,4,3443,3,6.251817
培养皿2,persistence,4,3443,4,7.153242
培养皿2,persistence,4,3443,5,8.723466
培养皿2,persistence,4,3443,6,8.868857
培养皿2,persistence,4,3443,7,8.229136
培养皿2,persistence,4,3443,8,7.792963
培养皿2,persistence,4,3443,9,6.920616
培养皿2,persistence,4,3443,10,5.844722
培养皿2,persistence,4,3443,11,5.990113
培养皿2,persistence,4,3443,12,5.205001
培养皿2,persistence,4,3443,13,5.146845
培养皿2,persistence,4,3443,14,3.547543
培养皿2,persistence,4,3443,15,2.995057
培养皿2,persistence,4,3443,16,2.355336
培养皿2,persistence,4,3443,17,2.064554
培养皿2,persistence,4,3443,18,1.395755
培养皿2,persistence,4,3443,19,1.046816
培养皿2,persistence,4,3443,20,0.930503
培养皿2,persistence,4,3443,21,0.668799
培养皿2,persistence,4,3443,22,0.261704
培养皿2,persistence,4,3443,23,0.145391
培养皿2,persistence,4,3443,24,0.058156
培养皿2,persistence,4,3443,25,0.087235
培养皿2,persistence,4,3443,26,0.029078
培养皿2,persistence,5,3444,1,2.907822
培养皿2,persistence,5,3444,2,5.379471
培养皿2,persistence,5,3444,3,6.251817
培养皿2,persistence,5,3444,4,7.153242
培养皿2,persistence,5,3444,5,8.723466
培养皿2,persistence,5,3444,6,8.868857
培养皿2,persistence,5,3444,7,8.229136
培养皿2,persistence,5,3444,8,7.792963
培养皿2,persistence,5,3444,9,6.920616
培养皿2,persistence,5,3444,10,5.844722
培养皿2,persistence,5,3444,11,5.990113
培养皿2,persistence,5,3444,12,5.205001
培养皿2,persistence,5,3444,13,5.146845
培养皿2,persistence,5,3444,14,3.547543
培养皿2,persistence,5,3444,15,2.995057
培养皿2,persistence,5,3444,16,2.355336
培养皿2,persistence,5,3444,17,2.064554
培养皿2,persistence,5,3444,18,1.395755
培养皿2,persistence,5,3444,19,1.046816
培养皿2,persistence,5,3444,20,0.930503
培养皿2,persistence,5,3444,21,0.668799
培养皿2,persistence,5,3444,22,0.261704
培养皿2,persistence,5,3444,23,0.145391
培养皿2,persistence,5,3444,24,0.058156
培养皿2,persistence,5,3444,25,0.087235
培养皿2,persistence,5,3444,26,0.029078
培养皿3,persistence,1,3440,1,0.348939
培养皿3,persistence,1,3440,2,1.104972
培养皿3,persistence,1,3440,3,1.80285
培养皿3,persistence,1,3440,4,2.500727
培养皿3,persistence,1,3440,5,3.983716
培养皿3,persistence,1,3440,6,4.594359
培养皿3,persistence,1,3440,7,5.088689
培养皿3,persistence,1,3440,8,6.193661
培养皿3,persistence,1,3440,9,6.600756
培养皿3,persistence,1,3440,10,6.484443
培养皿3,persistence,1,3440,11,6.891538
培养皿3,persistence,1,3440,12,7.327712
培养皿3,persistence,1,3440,13,6.629834
培养皿3,persistence,1,3440,14,6.04827
培养皿3,persistence,1,3440,15,6.222739
培养皿3,persistence,1,3440,16,5.757488
培养皿3,persistence,1,3440,17,4.797906
培养皿3,persistence,1,3440,18,4.41989
培养皿3,persistence,1,3440,19,3.489386
培养皿3,persistence,1,3440,20,3.11137
培养皿3,persistence,1,3440,21,2.064554
培养皿3,persistence,1,3440,22,1.744693
培养皿3,persistence,1,3440,23,1.075894
培养皿3,persistence,1,3440,24,0.726956
培养皿3,persistence,1,3440,25,0.639721
培养皿3,persistence,1,3440,26,0.232626
培养皿3,persistence,1,3440,27,0.087235
培养皿3,persistence,1,3440,28,0.029078
培养皿3,persistence,2,3441,1,0.348939
培养皿3,persistence,2,3441,2,1.104972
培养皿3,persistence,2,3441,3,1.80285
培养皿3,persistence,2,3441,4,2.500727
培养皿3,persistence,2,3441,5,3.983716
培养皿3,persistence,2,3441,6,4.594359
培养皿3,persistence,2,3441,7,5.088689
培养皿3,persistence,2,3441,8,6.193661
培养皿3,persistence,2,3441,9,6.600756
培养皿3,persistence,2,3441,10,6.484443
培养皿3,persistence,2,3441,11,6.891538
培养皿3,persistence,2,3441,12,7.327712
培养皿3,persistence,2,3441,13,6.629834
培养皿3,persistence,2,3441,14,6.04827
培养皿3,persistence,2,3441,15,6.222739
培养皿3,persistence,2,3441,16,5.757488
培养皿3,persistence,2,3441,17,4.797906
培养皿3,persistence,2,3441,18,4.41989
培养皿3,persistence,2,3441,19,3.489386
培养皿3,persistence,2,3441,20,3.11137
培养皿3,persistence,2,3441,21,2.064554
培养皿3,persistence,2,3441,22,1.744693
培养皿3,persistence,2,3441,23,1.075894
培养皿3,persistence,2,3441,24,0.726956
培养皿3,persistence,2,3441,25,0.639721
培养皿3,persistence,2,3441,26,0.232626
培养皿3,persistence,2,3441,27,0.087235
培养皿3,persistence,2,3441,28,0.029078
培养皿3,persistence,3,3442,1,0.348939
培养皿3,persistence,3,3442,2,1.104972
培养皿3,persistence,3,3442,3,1.80285
培养皿3,persistence,3,3442,4,2.500727
培养皿3,persistence,3,3442,5,3.983716
培养皿3,persistence,3,3442,6,4.594359
培养皿3,persistence,3,3442,7,5.088689
培养皿3,persistence,3,3442,8,6.193661
培养皿3,persistence,3,3442,9,6.600756
培养皿3,persistence,3,3442,10,6.484443
培养皿3,persistence,3,3442,11,6.891538
培养皿3,persistence,3,3442,12,7.327712
培养皿3,persistence,3,3442,13,6.629834
培养皿3,persistence,3,3442,14,6.04827
培养皿3,persistence,3,3442,15,6.222739
培养皿3,persistence,3,3442,16,5.757488
培养皿3,persistence,3,3442,17,4.797906
培养皿3,persistence,3,3442,18,4.41989
培养皿3,persistence,3,3442,19,3.489386
培养皿3,persistence,3,3442,20,3.11137
培养皿3,persistence,3,3442,21,2.064554
培养皿3,persistence,3,3442,22,1.744693
培养皿3,persistence,3,3442,23,1.075894
培养皿3,persistence,3,3442,24,0.726956
培养皿3,persistence,3,3442,25,0.639721
培养皿3,persistence,3,3442,26,0.232626
培养皿3,persistence,3,3442,27,0.087235
培养皿3,persistence,3,3442,28,0.029078
培养皿3,persistence,4,3443,1,0.348939
培养皿3,persistence,4,3443,2,1.104972
培养皿3,persistence,4,3443,3,1.80285
培养皿3,persistence,4,3443,4,2.500727
培养皿3,persistence,4,3443,5,3.983716
培养皿3,persistence,4,3443,6,4.594359
培养皿3,persistence,4,3443,7,5.088689
培养皿3,persistence,4,3443,8,6.193661
培养皿3,persistence,4,3443,9,6.600756
培养皿3,persistence,4,3443,10,6.484443
培养皿3,persistence,4,3443,11,6.891538
培养皿3,persistence,4,3443,12,7.327712
培养皿3,persistence,4,3443,13,6.629834
培养皿3,persistence,4,3443,14,6.04827
培养皿3,persistence,4,3443,15,6.222739
培养皿3,persistence,4,3443,16,5.757488
培养皿3,persistence,4,3443,17,4.797906
培养皿3,persistence,4,3443,18,4.41989
培养皿3,persistence,4,3443,19,3.489386
培养皿3,persistence,4,3443,20,3.11137
培养皿3,persistence,4,3443,21,2.064554
培养皿3,persistence,4,3443,22,1.744693
培养皿3,persistence,4,3443,23,1.075894
培养皿3,persistence,4,3443,24,0.726956
培养皿3,persistence,4,3443,25,0.639721
培养皿3,persistence,4,3443,26,0.232626
培养皿3,persistence,4,3443,27,0.087235
培养皿3,persistence,4,3443,28,0.029078
培养皿3,persistence,5,3444,1,0.348939
培养皿3,persistence,5,3444,2,1.104972
培养皿3,persistence,5,3444,3,1.80285
培养皿3,persistence,5,3444,4,2.500727
培养皿3,persistence,5,3444,5,3.983716
培养皿3,persistence,5,3444,6,4.594359
培养皿3,persistence,5,3444,7,5.088689
培养皿3,persistence,5,3444,8,6.193661
培养皿3,persistence,5,3444,9,6.600756
培养皿3,persistence,5,3444,10,6.484443
培养皿3,persistence,5,3444,11,6.891538
培养皿3,persistence,5,3444,12,7.327712
培养皿3,persistence,5,3444,13,6.629834
培养皿3,persistence,5,3444,14,6.04827
培养皿3,persistence,5,3444,15,6.222739
培养皿3,persistence,5,3444,16,5.757488
培养皿3,persistence,5,3444,17,4.797906
培养皿3,persistence,5,3444,18,4.41989
培养皿3,persistence,5,3444,19,3.489386
培养皿3,persistence,5,3444,20,3.11137
培养皿3,persistence,5,3444,21,2.064554
培养皿3,persistence,5,3444,22,1.744693
培养皿3,persistence,5,3444,23,1.075894
培养皿3,persistence,5,3444,24,0.726956
培养皿3,persistence,5,3444,25,0.639721
培养皿3,persistence,5,3444,26,0.232626
培养皿3,persistence,5,3444,27,0.087235
培养皿3,persistence,5,3444,28,0.029078
培养皿4,persistence,1,3440,1,0.058156
培养皿4,persistence,1,3440,2,0.116313
培养皿4,persistence,1,3440,3,0.552486
培养皿4,persistence,1,3440,4,0.436173
培养皿4,persistence,1,3440,5,0.988659
培养皿4,persistence,1,3440,6,1.250363
培养皿4,persistence,1,3440,7,2.209945
培养皿4,persistence,1,3440,8,2.442571
培养皿4,persistence,1,3440,9,2.878744
培养皿4,persistence,1,3440,10,4.070951
培养皿4,persistence,1,3440,11,4.914219
培养皿4,persistence,1,3440,12,4.768828
培养皿4,persistence,1,3440,13,5.583018
培养皿4,persistence,1,3440,14,7.211399
培养皿4,persistence,1,3440,15,6.629834
培养皿4,persistence,1,3440,16,6.833382
培养皿4,persistence,1,3440,17,6.978773
培养皿4,persistence,1,3440,18,5.786566
培养皿4,persistence,1,3440,19,7.385868
培养皿4,persistence,1,3440,20,6.571678
培养皿4,persistence,1,3440,21,5.263158
培养皿4,persistence,1,3440,22,4.41989
培养皿4,persistence,1,3440,23,4.41989
培养皿4,persistence,1,3440,24,3.314917
培养皿4,persistence,1,3440,25,2.035475
培养皿4,persistence,1,3440,26,1.570224
培养皿4,persistence,1,3440,27,0.843268
培养皿4,persistence,1,3440,28,0.465252
培养皿4,persistence,2,3441,1,0.058156
培养皿4,persistence,2,3441,2,0.116313
培养皿4,persistence,2,3441,3,0.552486
培养皿4,persistence,2,3441,4,0.436173
培养皿4,persistence,2,3441,5,0.988659
培养皿4,persistence,2,3441,6,1.250363
培养皿4,persistence,2,3441,7,2.209945
培养皿4,persistence,2,3441,8,2.442571
培养皿4,persistence,2,3441,9,2.878744
培养皿4,persistence,2,3441,10,4.070951
培养皿4,persistence,2,3441,11,4.914219
培养皿4,persistence,2,3441,12,4.768828
培养皿4,persistence,2,3441,13,5.583018
培养皿4,persistence,2,3441,14,7.211399
培养皿4,persistence,2,3441,15,6.629834
培养皿4,persistence,2,3441,16,6.833382
培养皿4,persistence,2,3441,17,6.978773
培养皿4,persistence,2,3441,18,5.786566
培养皿4,persistence,2,3441,19,7.385868
培养皿4,persistence,2,3441,20,6.571678
培养皿4,persistence,2,3441,21,5.263158
培养皿4,persistence,2,3441,22,4.41989
培养皿4,persistence,2,3441,23,4.41989
培养皿4,persistence,2,3441,24,3.314917
培养皿4,persistence,2,3441,25,2.035475
培养皿4,persistence,2,3441,26,1.570224
培养皿4,persistence,2,3441,27,0.843268
培养皿4,persistence,2,3441,28,0.465252
培养皿4,persistence,3,3442,1,0.058156
培养皿4,persistence,3,3442,2,0.116313
培养皿4,persistence,3,3442,3,0.552486
培养皿4,persistence,3,3442,4,0.436173
培养皿4,persistence,3,3442,5,0.988659
培养皿4,persistence,3,3442,6,1.250363
培养皿4,persistence,3,3442,7,2.209945
培养皿4,persistence,3,3442,8,2.442571
培养皿4,persistence,3,3442,9,2.878744
培养皿4,persistence,3,3442,10,4.070951
培养皿4,persistence,3,3442,11,4.914219
培养皿4,persistence,3,3442,12,4.768828
培养皿4,persistence,3,3442,13,5.583018
培养皿4,persistence,3,3442,14,7.211399
培养皿4,persistence,3,3442,15,6.629834
培养皿4,persistence,3,3442,16,6.833382
培养皿4,persistence,3,3442,17,6.978773
培养皿4,persistence,3,3442,18,5.786566
培养皿4,persistence,3,3442,19,7.385868
培养皿4,persistence,3,3442,20,6.571678
培养皿4,persistence,3,3442,21,5.263158
培养皿4,persistence,3,3442,22,4.41989
培养皿4,persistence,3,3442,23,4.41989
培养皿4,persistence,3,3442,24,3.314917
培养皿4,persistence,3,3442,25,2.035475
培养皿4,persistence,3,3442,26,1.570224
培养皿4,persistence,3,3442,27,0.843268
培养皿4,persistence,3,3442,28,0.465252
培养皿4,persistence,4,3443,1,0.058156
培养皿4,persistence,4,3443,2,0.116313
培养皿4,persistence,4,3443,3,0.552486
培养皿4,persistence,4,3443,4,0.436173
培养皿4,persistence,4,3443,5,0.988659
培养皿4,persistence,4,3443,6,1.250363
培养皿4,persistence,4,3443,7,2.209945
培养皿4,persistence,4,3443,8,2.442571
培养皿4,persistence,4,3443,9,2.878744
培养皿4,persistence,4,3443,10,4.070951
培养皿4,persistence,4,3443,11,4.914219
培养皿4,persistence,4,3443,12,4.768828
培养皿4,persistence,4,3443,13,5.583018
培养皿4,persistence,4,3443,14,7.211399
培养皿4,persistence,4,3443,15,6.629834
培养皿4,persistence,4,3443,16,6.833382
培养皿4,persistence,4,3443,17,6.978773
培养皿4,persistence,4,3443,18,5.786566
培养皿4,persistence,4,3443,19,7.385868
培养皿4,persistence,4,3443,20,6.571678
培养皿4,persistence,4,3443,21,5.263158
培养皿4,persistence,4,3443,22,4.41989
培养皿4,persistence,4,3443,23,4.41989
培养皿4,persistence,4,3443,24,3.314917
培养皿4,persistence,4,3443,25,2.035475
培养皿4,persistence,4,3443,26,1.570224
培养皿4,persistence,4,3443,27,0.843268
培养皿4,persistence,4,3443,28,0.465252
培养皿4,persistence,5,3444,1,0.058156
培养皿4,persistence,5,3444,2,0.116313
培养皿4,persistence,5,3444,3,0.552486
培养皿4,persistence,5,3444,4,0.436173
培养皿4,persistence,5,3444,5,0.988659
培养皿4,persistence,5,3444,6,1.250363
培养皿4,persistence,5,3444,7,2.209945
培养皿4,persistence,5,3444,8,2.442571
培养皿4,persistence,5,3444,9,2.878744
培养皿4,persistence,5,3444,10,4.070951
培养皿4,persistence,5,3444,11,4.914219
培养皿4,persistence,5,3444,12,4.768828
培养皿4,persistence,5,3444,13,5.583018
培养皿4,persistence,5,3444,14,7.211399
培养皿4,persistence,5,3444,15,6.629834
培养皿4,persistence,5,3444,16,6.833382
培养皿4,persistence,5,3444,17,6.978773
培养皿4,persistence,5,3444,18,5.786566
培养皿4,persistence,5,3444,19,7.385868
培养皿4,persistence,5,3444,20,6.571678
培养皿4,persistence,5,3444,21,5.263158
培养皿4,persistence,5,3444,22,4.41989
培养皿4,persistence,5,3444,23,4.41989
培养皿4,persistence,5,3444,24,3.314917
培养皿4,persistence,5,3444,25,2.035475
培养皿4,persistence,5,3444,26,1.570224
培养皿4,persistence,5,3444,27,0.843268
培养皿4,persistence,5,3444,28,0.465252
培养皿5,persistence,1,3440,1,0.029078
培养皿5,persistence,1,3440,2,0.145391
培养皿5,persistence,1,3440,3,0.116313
培养皿5,persistence,1,3440,4,0.378017
培养皿5,persistence,1,3440,5,0.378017
培养皿5,persistence,1,3440,6,0.610643
培养皿5,persistence,1,3440,7,0.843268
培养皿5,persistence,1,3440,8,1.221285
培养皿5,persistence,1,3440,9,1.599302
培养皿5,persistence,1,3440,10,1.977319
培养皿5,persistence,1,3440,11,2.820587
培养皿5,persistence,1,3440,12,3.692934
培养皿5,persistence,1,3440,13,4.361733
培养皿5,persistence,1,3440,14,5.117767
培养皿5,persistence,1,3440,15,5.030532
培养皿5,persistence,1,3440,16,5.873801
培养皿5,persistence,1,3440,17,6.106426
培养皿5,persistence,1,3440,18,6.629834
培养皿5,persistence,1,3440,19,8.316371
培养皿5,persistence,1,3440,20,8.752544
培养皿5,persistence,1,3440,21,8.461762
培养皿5,persistence,1,3440,22,7.560337
培养皿5,persistence,1,3440,23,5.990113
培养皿5,persistence,1,3440,24,6.455365
培养皿5,persistence,1,3440,25,4.361733
培养皿5,persistence,1,3440,26,3.169526
培养皿5,persistence,2,3441,1,0.029078
培养皿5,persistence,2,3441,2,0.145391
培养皿5,persistence,2,3441,3,0.116313
培养皿5,persistence,2,3441,4,0.378017
培养皿5,persistence,2,3441,5,0.378017
培养皿5,persistence,2,3441,6,0.610643
培养皿5,persistence,2,3441,7,0.843268
培养皿5,persistence,2,3441,8,1.221285
培养皿5,persistence,2,3441,9,1.599302
培养皿5,persistence,2,3441,10,1.977319
培养皿5,persistence,2,3441,11,2.820587
培养皿5,persistence,2,3441,12,3.692934
培养皿5,persistence,2,3441,13,4.361733
培养皿5,persistence,2,3441,14,5.117767
培养皿5,persistence,2,3441,15,5.030532
培养皿5,persistence,2,3441,16,5.873801
培养皿5,persistence,2,3441,17,6.106426
培养皿5,persistence,2,3441,18,6.629834
培养皿5,persistence,2,3441,19,8.316371
培养皿5,persistence,2,3441,20,8.752544
培养皿5,persistence,2,3441,21,8.461762
培养皿5,persistence,2,3441,22,7.560337
培养皿5,persistence,2,3441,23,5.990113
培养皿5,persistence,2,3441,24,6.455365
培养皿5,persistence,2,3441,25,4.361733
培养皿5,persistence,2,3441,26,3.169526
培养皿5,persistence,3,3442,1,0.029078
培养皿5,persistence,3,3442,2,0.145391
培养皿5,persistence,3,3442,3,0.116313
培养皿5,persistence,3,3442,4,0.378017
培养皿5,persistence,3,3442,5,0.378017
培养皿5,persistence,3,3442,6,0.610643
培养皿5,persistence,3,3442,7,0.843268
培养皿5,persistence,3,3442,8,1.221285
培养皿5,persistence,3,3442,9,1.599302
培养皿5,persistence,3,3442,10,1.977319
培养皿5,persistence,3,3442,11,2.820587
培养皿5,persistence,3,3442,12,3.692934
培养皿5,persistence,3,3442,13,4.361733
培养皿5,persistence,3,3442,14,5.117767
培养皿5,persistence,3,3442,15,5.030532
培养皿5,persistence,3,3442,16,5.873801
培养皿5,persistence,3,3442,17,6.106426
培养皿5,persistence,3,3442,18,6.629834
培养皿5,persistence,3,3442,19,8.316371
培养皿5,persistence,3,3442,20,8.752544
培养皿5,persistence,3,3442,21,8.461762
培养皿5,persistence,3,3442,22,7.560337
培养皿5,persistence,3,3442,23,5.990113
培养皿5,persistence,3,3442,24,6.455365
培养皿5,persistence,3,3442,25,4.361733
培养皿5,persistence,3,3442,26,3.169526
培养皿5,persistence,4,3443,1,0.029078
培养皿5,persistence,4,3443,2,0.145391
培养皿5,persistence,4,3443,3,0.116313
培养皿5,persistence,4,3443,4,0.378017
培养皿5,persistence,4,3443,5,0.378017
培养皿5,persistence,4,3443,6,0.610643
培养皿5,persistence,4,3443,7,0.843268
培养皿5,persistence,4,3443,8,1.221285
培养皿5,persistence,4,3443,9,1.599302
培养皿5,persistence,4,3443,10,1.977319
培养皿5,persistence,4,3443,11,2.820587
培养皿5,persistence,4,3443,12,3.692934
培养皿5,persistence,4,3443,13,4.361733
培养皿5,persistence,4,3443,14,5.117767
培养皿5,persistence,4,3443,15,5.030532
培养皿5,persistence,4,3443,16,5.873801
培养皿5,persistence,4,3443,17,6.106426
培养皿5,persistence,4,3443,18,6.629834
培养皿5,persistence,4,3443,19,8.316371
培养皿5,persistence,4,3443,20,8.752544
培养皿5,persistence,4,3443,21,8.461762
培养皿5,persistence,4,3443,22,7.560337
培养皿5,persistence,4,3443,23,5.990113
培养皿5,persistence,4,3443,24,6.455365
培养皿5,persistence,4,3443,25,4.361733
培养皿5,persistence,4,3443,26,3.169526
培养皿5,persistence,5,3444,1,0.029078
培养皿5,persistence,5,3444,2,0.145391
培养皿5,persistence,5,3444,3,0.116313
培养皿5,persistence,5,3444,4,0.378017
培养皿5,persistence,5,3444,5,0.378017
培养皿5,persistence,5,3444,6,0.610643
培养皿5,persistence,5,3444,7,0.843268
培养皿5,persistence,5,3444,8,1.221285
培养皿5,persistence,5,3444,9,1.599302
培养皿5,persistence,5,3444,10,1.977319
培养皿5,persistence,5,3444,11,2.820587
培养皿5,persistence,5,3444,12,3.692934
培养皿5,persistence,5,3444,13,4.361733
培养皿5,persistence,5,3444,14,5.117767
培养皿5,persistence,5,3444,15,5.030532
培养皿5,persistence,5,3444,16,5.873801
培养皿5,persistence,5,3444,17,6.106426
培养皿5,persistence,5,3444,18,6.629834
培养皿5,persistence,5,3444,19,8.316371
培养皿5,persistence,5,3444,20,8.752544
培养皿5,persistence,5,3444,21,8.461762
培养皿5,persistence,5,3444,22,7.560337
培养皿5,persistence,5,3444,23,5.990113
培养皿5,persistence,5,3444,24,6.455365
培养皿5,persistence,5,3444,25,4.361733
培养皿5,persistence,5,3444,26,3.169526
培养皿6,persistence,1,3440,1,0.029078
培养皿6,persistence,1,3440,2,0.058156
培养皿6,persistence,1,3440,3,0.029078
培养皿6,persistence,1,3440,4,0.058156
培养皿6,persistence,1,3440,5,0.203548
培养皿6,persistence,1,3440,6,0.261704
培养皿6,persistence,1,3440,7,0.407095
培养皿6,persistence,1,3440,8,0.726956
培养皿6,persistence,1,3440,9,0.930503
培养皿6,persistence,1,3440,10,1.163129
培养皿6,persistence,1,3440,11,1.541146
培养皿6,persistence,1,3440,12,2.297179
培养皿6,persistence,1,3440,13,2.239023
培养皿6,persistence,1,3440,14,3.402152
培养皿6,persistence,1,3440,15,3.838325
培养皿6,persistence,1,3440,16,5.466705
培养皿6,persistence,1,3440,17,6.164583
培养皿6,persistence,1,3440,18,6.687991
培养皿6,persistence,1,3440,19,9.305031
培养皿6,persistence,1,3440,20,10.642629
培养皿6,persistence,1,3440,21,12.358244
培养皿6,persistence,1,3440,22,15.731317
培养皿6,persistence,1,3440,23,16.458273
培养皿6,persistence,2,3441,1,0.029078
培养皿6,persistence,2,3441,2,0.058156
培养皿6,persistence,2,3441,3,0.029078
培养皿6,persistence,2,3441,4,0.058156
培养皿6,persistence,2,3441,5,0.203548
培养皿6,persistence,2,3441,6,0.261704
培养皿6,persistence,2,3441,7,0.407095
培养皿6,persistence,2,3441,8,0.726956
培养皿6,persistence,2,3441,9,0.930503
培养皿6,persistence,2,3441,10,1.163129
培养皿6,persistence,2,3441,11,1.541146
培养皿6,persistence,2,3441,12,2.297179
培养皿6,persistence,2,3441,13,2.239023
培养皿6,persistence,2,3441,14,3.402152
培养皿6,persistence,2,3441,15,3.838325
培养皿6,persistence,2,3441,16,5.466705
培养皿6,persistence,2,3441,17,6.164583
培养皿6,persistence,2,3441,18,6.687991
培养皿6,persistence,2,3441,19,9.305031
培养皿6,persistence,2,3441,20,10.642629
培养皿6,persistence,2,3441,21,12.358244
培养皿6,persistence,2,3441,22,15.731317
培养皿6,persistence,2,3441,23,16.458273
培养皿6,persistence,3,3442,1,0.029078
培养皿6,persistence,3,3442,2,0.058156
培养皿6,persistence,3,3442,3,0.029078
培养皿6,persistence,3,3442,4,0.058156
培养皿6,persistence,3,3442,5,0.203548
培养皿6,persistence,3,3442,6,0.261704
培养皿6,persistence,3,3442,7,0.407095
培养皿6,persistence,3,3442,8,0.726956
培养皿6,persistence,3,3442,9,0.930503
培养皿6,persistence,3,3442,10,1.163129
培养皿6,persistence,3,3442,11,1.541146
培养皿6,persistence,3,3442,12,2.297179
培养皿6,persistence,3,3442,13,2.239023
培养皿6,persistence,3,3442,14,3.402152
培养皿6,persistence,3,3442,15,3.838325
培养皿6,persistence,3,3442,16,5.466705
培养皿6,persistence,3,3442,17,6.164583
培养皿6,persistence,3,3442,18,6.687991
培养皿6,persistence,3,3442,19,9.305031
培养皿6,persistence,3,3442,20,10.642629
培养皿6,persistence,3,3442,21,12.358244
培养皿6,persistence,3,3442,22,15.731317
培养皿6,persistence,3,3442,23,16.458273
培养皿6,persistence,4,3443,1,0.029078
培养皿6,persistence,4,3443,2,0.058156
培养皿6,persistence,4,3443,3,0.029078
培养皿6,persistence,4,3443,4,0.058156
培养皿6,persistence,4,3443,5,0.203548
培养皿6,persistence,4,3443,6,0.261704
培养皿6,persistence,4,3443,7,0.407095
培养皿6,persistence,4,3443,8,0.726956
培养皿6,persistence,4,3443,9,0.930503
培养皿6,persistence,4,3443,10,1.163129
培养皿6,persistence,4,3443,11,1.541146
培养皿6,persistence,4,3443,12,2.297179
培养皿6,persistence,4,3443,13,2.239023
培养皿6,persistence,4,3443,14,3.402152
培养皿6,persistence,4,3443,15,3.838325
培养皿6,persistence,4,3443,16,5.466705
培养皿6,persistence,4,3443,17,6.164583
培养皿6,persistence,4,3443,18,6.687991
培养皿6,persistence,4,3443,19,9.305031
培养皿6,persistence,4,3443,20,10.642629
培养皿6,persistence,4,3443,21,12.358244
培养皿6,persistence,4,3443,22,15.731317
培养皿6,persistence,4,3443,23,16.458273
培养皿6,persistence,5,3444,1,0.029078
培养皿6,persistence,5,3444,2,0.058156
培养皿6,persistence,5,3444,3,0.029078
培养皿6,persistence,5,3444,4,0.058156
培养皿6,persistence,5,3444,5,0.203548
培养皿6,persistence,5,3444,6,0.261704
培养皿6,persistence,5,3444,7,0.407095
培养皿6,persistence,5,3444,8,0.726956
培养皿6,persistence,5,3444,9,0.930503
培养皿6,persistence,5,3444,10,1.163129
培养皿6,persistence,5,3444,11,1.541146
培养皿6,persistence,5,3444,12,2.297179
培养皿6,persistence,5,3444,13,2.239023
培养皿6,persistence,5,3444,14,3.402152
培养皿6,persistence,5,3444,15,3.838325
培养皿6,persistence,5,3444,16,5.466705
培养皿6,persistence,5,3444,17,6.164583
培养皿6,persistence,5,3444,18,6.687991
培养皿6,persistence,5,3444,19,9.305031
培养皿6,persistence,5,3444,20,10.642629
培养皿6,persistence,5,3444,21,12.358244
培养皿6,persistence,5,3444,22,15.731317
培养皿6,persistence,5,3444,23,16.458273
培养皿7,persistence,1,3440,1,6.746147
培养皿7,persistence,1,3440,2,5.873801
培养皿7,persistence,1,3440,3,6.193661
培养皿7,persistence,1,3440,4,6.077348
培养皿7,persistence,1,3440,5,6.135505
培养皿7,persistence,1,3440,6,6.309974
培养皿7,persistence,1,3440,7,6.222739
培养皿7,persistence,1,3440,8,5.815644
培养皿7,persistence,1,3440,9,6.164583
培养皿7,persistence,1,3440,10,5.902879
培养皿7,persistence,1,3440,11,6.397208
培养皿7,persistence,1,3440,12,6.484443
培养皿7,persistence,1,3440,13,5.873801
培养皿7,persistence,1,3440,14,6.280896
培养皿7,persistence,1,3440,15,6.746147
培养皿7,persistence,1,3440,16,6.775225
培养皿7,persistence,2,3441,1,6.746147
培养皿7,persistence,2,3441,2,5.873801
培养皿7,persistence,2,3441,3,6.193661
培养皿7,persistence,2,3441,4,6.077348
培养皿7,persistence,2,3441,5,6.135505
培养皿7,persistence,2,3441,6,6.309974
培养皿7,persistence,2,3441,7,6.222739
培养皿7,persistence,2,3441,8,5.815644
培养皿7,persistence,2,3441,9,6.164583
培养皿7,persistence,2,3441,10,5.902879
培养皿7,persistence,2,3441,11,6.397208
培养皿7,persistence,2,3441,12,6.484443
培养皿7,persistence,2,3441,13,5.873801
培养皿7,persistence,2,3441,14,6.280896
培养皿7,persistence,2,3441,15,6.746147
培养皿7,persistence,2,3441,16,6.775225
培养皿7,persistence,3,3442,1,6.746147
培养皿7,persistence,3,3442,2,5.873801
培养皿7,persistence,3,3442,3,6.193661
培养皿7,persistence,3,3442,4,6.077348
培养皿7,persistence,3,3442,5,6.135505
培养皿7,persistence,3,3442,6,6.309974
培养皿7,persistence,3,3442,7,6.222739
培养皿7,persistence,3,3442,8,5.815644
培养皿7,persistence,3,3442,9,6.164583
培养皿7,persistence,3,3442,10,5.902879
培养皿7,persistence,3,3442,11,6.397208
培养皿7,persistence,3,3442,12,6.484443
培养皿7,persistence,3,3442,13,5.873801
培养皿7,persistence,3,3442,14,6.280896
培养皿7,persistence,3,3442,15,6.746147
培养皿7,persistence,3,3442,16,6.775225
培养皿7,persistence,4,3443,1,6.746147
培养皿7,persistence,4,3443,2,5.873801
培养皿7,persistence,4,3443,3,6.193661
培养皿7,persistence,4,3443,4,6.077348
培养皿7,persistence,4,3443,5,6.135505
培养皿7,persistence,4,3443,6,6.309974
培养皿7,persistence,4,3443,7,6.222739
培养皿7,persistence,4,3443,8,5.815644
培养皿7,persistence,4,3443,9,6.164583
培养皿7,persistence,4,3443,10,5.902879
培养皿7,persistence,4,3443,11,6.397208
培养皿7,persistence,4,3443,12,6.484443
培养皿7,persistence,4,3443,13,5.873801
培养皿7,persistence,4,3443,14,6.280896
培养皿7,persistence,4,3443,15,6.746147
培养皿7,persistence,4,3443,16,6.775225
培养皿7,persistence,5,3444,1,6.746147
培养皿7,persistence,5,3444,2,5.873801
培养皿7,persistence,5,3444,3,6.193661
培养皿7,persistence,5,3444,4,6.077348
培养皿7,persistence,5,3444,5,6.135505
培养皿7,persistence,5,3444,6,6.309974
培养皿7,persistence,5,3444,7,6.222739
培养皿7,persistence,5,3444,8,5.815644
培养皿7,persistence,5,3444,9,6.164583
培养皿7,persistence,5,3444,10,5.902879
培养皿7,persistence,5,3444,11,6.397208
培养皿7,persistence,5,3444,12,6.484443
培养皿7,persistence,5,3444,13,5.873801
培养皿7,persistence,5,3444,14,6.280896
培养皿7,persistence,5,3444,15,6.746147
培养皿7,persistence,5,3444,16,6.775225
